,soft,medium,hard
0,66368.77016693926,662846.0104509876,629526.3859104491
1,69853.31851059673,274581.0237247911,55653.259356102855
2,96636.6958432558,311780.3037915179,59767.77328760527
3,59918.98408733551,1420129.68435746,6823420.292744593
4,132.66872048193662,8491.177637049721,21396.555250908677
5,544.419026820737,32470.9132411586,15441.611984164614
6,39768.737630672265,238648.81989614255,61471.233816576365
7,83744.32560873165,234328.42188304962,31386.816721632415
8,23162.343638229388,444422.56828003406,514896.4591700195
9,1217.2207497335464,9677.771621004675,946801.2407834502
10,116610.67843093367,397547.8971988749,98547.55070660808
11,7275.907647723867,151391.85049350085,3992922.34704752
12,14077.054855424805,558008.8739434462,1942210.3768572775
13,17.82990156735135,99.1276857680221,31667.87460829167
14,298.97966613504866,7578.810590326249,83301.06536761142
15,13396.307895855502,112379.56566419279,22007.5869720307
16,414.38990618442165,28970.592791919848,70050.38003933367
17,2.1598662666757336,12.608262200216473,2113.297141520213
18,590.2758026675805,14954.800750861032,183449.9050377652
19,3474.049978617655,148417.20069293756,1075754.7666517892
20,5052.529602151378,109282.85819921673,2530257.000151268
21,68157.94566553885,253987.81962273372,46175.049010630755
22,0.7247164666013659,4.584163152240973,1043.4488949322913
23,168.30668706890094,1704.5428526517092,76801.5186682414
24,119967.60752995344,360876.0160557904,74219.99283146698
25,59821.3554519352,546367.8679438243,402319.2005097008
26,5055.370799325014,179648.47191933793,173307.45488540197
27,80983.29209538555,621002.0983690175,445595.73294960044
28,22588.14450707365,712798.66110263,2250811.678632381
29,57842.896364968845,864131.3801679168,1505689.8353359993
30,110512.10466191848,450536.9249558668,144279.96174134352
31,95.92617707200776,524.475706744392,152414.85758049024
32,103.38899437645331,2567.8868291487247,24936.50007007892
33,1109.9488189119265,37614.97240773748,327525.77589896537
34,69.83750853026721,1079.3411998394156,20717.157973762234
35,86966.40364124841,1547906.3834066782,5958997.371006785
36,129482.08038347942,279903.00397478207,35259.877829722296
37,11707.657592562657,208278.80571361506,120083.07096256726
38,85415.82311111744,1301832.9815021276,3553963.6434374684
39,88174.87177277991,1331628.4209632264,3694762.0293178963
40,87503.25781048714,1392786.2934741515,4266218.302337445
41,90731.78208713522,832743.8069032304,919776.8584802297
42,107351.32068254762,332261.35505367117,65049.18281365326
43,86022.92334439419,595937.8602635625,378641.86504343845
44,1811.82991398581,14621.321697247804,1477374.0783030596
45,6977.393269758361,152583.10842033383,3692916.7068331977
46,23.02393745608418,139.1645352886254,14272.33792450913
47,760.8913317829457,3737.4014409430692,1554041.2083517788
48,15615.198140480356,524567.8827670788,1288417.3241784456
49,418.04487200607576,36728.778354821385,44458.409639440586
50,7424.748412006799,191012.80934730818,142119.07713590216
51,47890.432068013186,436202.75153433136,262064.88776158524
52,156.1801443482646,16022.64964166962,16516.52512484673
53,24.536390366148197,286.6501616529553,7492.196438250539
54,90351.53290390417,1492433.082737214,5117722.469055317
55,44520.01441844776,1259775.982459555,6715576.093304416
56,2770.906800713171,156186.68757514647,247935.83934383866
57,77.30581448091309,420.1569795775117,131589.4961412051
58,87147.92373582363,857966.5436373496,1034994.1453753884
59,130508.79686336216,293753.3355097434,39884.47371038371
60,2174.5929304977976,17621.42108323357,1816343.1556412196
61,49896.070596659156,648024.167542373,753008.6629270341
62,307.8162121352949,1702.888795659604,376813.3571187287
63,103012.32446679751,528790.5010460209,235876.51015814426
64,13294.878122292834,298234.6870256067,281357.34766355925
65,1270.4735767629663,58893.579942216114,32258.972487138068
66,118255.07033734732,342348.6549300957,65167.39406650078
67,5688.079952714619,294105.08871218044,883606.0516281985
68,5251.568334821506,137429.27894551354,80912.43733496332
69,87037.08950178407,926712.9771826303,1290393.405272872
70,119805.53714588459,269684.74923831376,33997.50111496795
71,60868.89402921112,308083.6169516709,84715.54626961163
72,997.2334820077734,67307.79048323882,65049.15124230529
73,2488.603926826821,139888.65782667117,196151.09560828033
74,15592.521845711592,509973.7759938225,1173456.876214129
75,6892.069092320023,138746.67800769024,65656.24835360209
76,500.5339652818831,39696.99907712884,32361.843665004304
77,43429.003517808436,802833.6911361209,1581501.8978259433
78,47807.88796347112,182594.17553940648,26018.356543247497
79,40375.25260578852,964716.8390434926,3003132.643282455
80,74154.90592276443,560729.6888669,361761.80304239603
81,613.4320210463388,4428.47812919285,475331.58491918386
82,5860.466568586087,150565.49209090666,93311.1230080672
83,578.1870628855503,40423.30949596577,27021.39461273316
84,43802.00230385401,282311.6725940928,88299.93604351082
85,80287.10248998633,274426.9442548423,49514.17258917713
86,143.13221125466822,13612.464615653409,17802.2932724154
87,6.143001679692488,35.07571909649332,5949.815573155833
88,20068.311916302264,772325.0670746351,4061474.9757587053
89,105812.6156902594,505645.2926966139,204345.85802778552
90,11717.732259954479,309240.14853254985,350454.8802516377
91,86355.04833974408,1397090.2938274993,4361451.389039152
92,39632.10461604981,861841.1737718203,2146095.4670425993
93,6496.5503059890825,234381.97853376644,287867.52670489426
94,79280.92243705106,336526.47757935413,86228.04130104902
95,146666.1377324847,282941.7210357032,32812.3248874879
96,83.21503415153327,460.67486870798905,117062.11548300831
97,14266.61106266042,181274.05245260918,70891.61208053095
98,3.0576228429699563,17.84749591374629,5329.578523313017
99,53476.07384308904,755624.5290793587,1096174.6549851778
100,13178.664018492978,187990.91149801863,83220.33954501266
101,12.662164014127606,77.00705980685424,6968.011595041401
102,65522.52891341683,1391468.8023396917,5725292.1263553845
103,338.90862935187596,1954.3426273152247,354631.97130626877
104,106356.97035436654,454148.9689120393,152057.03133948208
105,603.1497294353314,49504.89511162992,66580.64433175605
106,1588.4477770952305,78969.86319254167,395319.7198298724
107,89621.92806516553,701661.3546031528,575074.7917123928
108,87118.8707915099,801017.8785702714,852670.3556572299
109,33883.5345917705,1089866.1655975715,6051862.9314862685
110,109604.17836614088,292891.40093440353,45612.66397984766
111,69880.5497962826,343027.69803563436,100667.48337785162
112,283.23150058418037,19762.90435914198,46693.8009334806
113,8403.730530428556,184978.38335905166,4592153.717201628
114,9381.238145522084,202631.0245647168,5291563.597885206
115,100654.9233911466,511559.36472515535,219590.87324150978
116,381.7972050397553,2282.6678501640035,369252.86336154625
117,142.84041454008636,756.7537599403661,255471.08547940885
118,3667.149838553419,167615.958781892,203119.14024204237
119,94339.61692635826,669373.0768449125,483892.9141712284
120,2431.122310766566,55472.897667346115,1029000.4361868547
121,185.4671928624862,12386.234504206195,30239.39083981987
122,50.373547053754564,303.4946996888723,35884.35334632968
123,1087.0271405251635,53098.15989415938,28542.903538743252
124,86494.15963771538,1170382.3984983673,2556251.6280810195
125,68176.12209738186,1314912.4615711132,4571337.774096415
126,745.568427835034,53890.213277930285,121698.58555132037
127,150.80878839653522,5025.424007652713,33137.30565606984
128,60430.93346107384,711888.6929526244,832307.5517345058
129,116699.43619402764,406197.4466685547,104373.22628923996
130,55827.95101025262,499037.68815320614,332530.0270308057
131,134.3455741916532,3341.1337398597043,33585.62241116239
132,81587.4630935512,942715.6063088845,1432062.8537077352
133,62970.660672028855,300895.5929806231,77356.43915592333
134,32516.048256853755,259507.43853751206,90645.72801481512
135,23.736584940024755,134.84540305510987,36812.12297214805
136,2.6818150444806834,16.20466113704748,4163.370113858125
137,25612.035758269336,905499.4116048751,4778760.5097819045
138,109083.49145835187,281770.73565819865,41281.60448561842
139,24123.432350320545,167779.1854532782,37361.3853761342
140,9379.603559781071,329945.21308845823,3909152.263506592
141,545.7850304156389,4662.989699429053,349546.72722491185
142,13323.672787926904,569231.4040910499,2566027.1047023884
143,50393.18227912724,1137274.058993782,3983493.6612319183
144,95306.92322662567,417495.2081171322,132374.89125702047
145,185.01446914928695,5026.421450023219,46264.921744345105
146,835.7022949318382,6052.8808864846105,675775.8721430539
147,33538.22768268527,931249.2612097609,3348079.0833998765
148,412.9018799157902,20634.370469516347,85528.0025883223
149,22159.15628809704,533675.6584852937,910703.8084663269
150,96043.7817207244,410343.32545671565,125563.59333276874
151,21948.339035963778,173989.42561940907,44456.20194663844
152,102791.5396044614,395773.3907050403,107811.81372299965
153,689.5735420028955,21000.37185870204,199027.72231894152
154,114052.07657910085,415205.8426620763,112803.18131449012
155,8557.853384259835,348697.1309611679,732824.174135216
156,1336.3202548623847,27682.402878115354,536542.8767000868
157,116618.8261334399,412609.0720668725,108939.13349253451
158,100322.32920774419,577335.7278441573,306339.17178407783
159,79550.91964750415,1333316.6808346813,4089434.4094041465
160,19955.336023554555,778540.5313959486,4406258.0878901575
161,22051.627651672017,232291.084248028,93771.19347135905
162,3974.683183488846,162241.64529057633,1298847.566166271
163,46.79776914153669,304.176145761314,28109.7430223928
164,1594.2360065886387,106712.7618210349,172902.26222744313
165,110.49668889291226,4969.905850609067,20386.59369229654
166,20073.18010724739,172053.28007579356,46560.831359008385
167,37909.84595890471,619020.3144987873,842408.8357081083
168,4109.72605320665,98615.9594502935,1865003.4075118839
169,337.84497466628636,16490.09998207073,68974.12502850527
170,72644.93307349013,421544.1970679627,169509.21178270708
171,330.11740198843825,29670.00812098002,39034.04362962666
172,19509.328296607142,154573.13485235738,36183.99825526642
173,67.47434432569106,411.6655480827319,48787.480858050425
174,88102.29300667712,1025532.0526698313,1709271.3681920578
175,1963.5106184917836,125389.93885148843,215069.24692230183
176,20.244193982481626,303.495743899006,5154.922306000662
177,89993.79369720102,788198.2051186044,793213.4711680452
178,4145.550326696868,69878.17594076689,2314152.1862497367
179,99602.86744563775,492527.36531263264,199772.22357915717
180,131271.20352909417,335526.1137953055,56742.06628187833
181,1589.0980852410835,105903.01690641629,166040.54411014047
182,333.5549284990055,5730.067523909096,118158.03445643172
183,101466.38878401513,397890.6789939261,110527.72972832859
184,14377.62776279044,155395.24904558502,47411.94218468688
185,8863.046689226558,395854.6752081714,1150176.410584937
186,5706.629356877781,171125.53906473235,134507.61811135281
187,21814.191807361003,293112.79188274185,174540.71114493618
188,2609.6375782751725,91452.00733491039,876695.4928614926
189,22352.70756850179,510027.7746918304,789829.0614413734
190,90696.82667162316,715949.2442413501,602338.6539136543
191,9.82013795270173,56.46551361984182,16380.43365149268
192,121.230158193673,562.4781129372501,269260.8193118794
193,4528.882255354171,245963.24690397963,942566.632378388
194,64718.776105454126,993551.6103491422,2047357.495870607
195,147060.57351758936,267537.6754284437,28166.385861684892
196,326.0735155386947,26855.485284542097,46524.966838957385
197,78547.73181588172,646636.0217891899,510967.0450210574
198,181.7616488592594,7229.463215917459,37681.333821635155
199,83567.19662163898,368808.7438317661,105550.90526223404
200,392.45951551506676,2289.1113623210344,404128.98430549307
201,72211.17403430988,1274916.0691193792,3916063.0643055076
202,99750.81367890196,301828.3214173006,53393.817711353004
203,436.17508773363886,3770.995829374747,266453.7592944182
204,86773.40979595562,1257816.0715680069,3158269.4633443113
205,452.85160744741194,15079.920626640793,116646.77489107821
206,19669.07441953533,781438.1359139737,5981209.996713913
207,21503.202406507764,749901.2296989925,2957491.6485293284
208,29.973743687260736,257.5784349786148,11985.48772263365
209,98801.70483494319,606268.517647535,354684.1457952421
210,121430.22183985151,273337.5825179178,34860.630955150475
211,12657.586347015682,514352.9924148897,4553491.446298893
212,96089.7767286328,667145.4969907687,472325.35613531683
213,76759.96658694698,517214.5391116792,282011.79165301507
214,4.23591131627582,25.388904105533513,6168.239329425351
215,72063.2914249237,1139129.7165529972,2785355.1077702832
216,119943.16515436232,271790.7870811785,34681.36310754332
217,104532.10892381688,230487.5208524714,24975.843784124932
218,94309.60707439925,377604.76495831413,101888.33196314971
219,571.3681959948045,3554.642341937858,538358.7804532592
220,106809.30104219877,484270.509882125,180350.71632748615
221,82381.41975477827,1078829.403369396,2100196.3483445817
222,16.231326555329343,93.59640679436106,23045.324938211543
223,102607.42209183172,229898.27638015518,25190.44439893347
224,87190.06685102594,1153841.2887113553,2433642.4552883995
225,88874.3957419792,845437.8119560671,976619.4962908325
226,9.975971532294206,57.901880240634014,15803.042693037805
227,61477.30368498012,213127.65471944615,31621.429028506085
228,471.45443972124656,37501.18448708667,29189.14814707473
229,327.57132403410225,7908.2560877769465,95054.59509606013
230,54274.28576909707,706365.9198597381,893055.2156714071
231,198.72672516613642,1022.6127891490057,380298.3365226621
232,84794.31097316639,874176.5454839237,1116877.6208267296
233,158907.20937680086,262446.3077080891,25124.70430878663
234,25.71019480843329,216.22032839351198,10243.81731893267
235,551.4625899380713,4261.752151183762,390173.61036815867
236,39.82241807520684,213.65619637037636,74018.42903717322
237,103815.76243862546,532929.5943493634,239439.2631324164
238,997.2957865147289,74020.30257213482,108331.68957902768
239,63958.77355437496,301503.33765606,76776.9610411046
240,3479.9182807608804,125289.51249238919,1210003.4754417557
241,87548.78017587072,1095625.558096792,2083021.3610241383
242,4767.876661635533,245830.22313668186,546942.6796801576
243,9261.75799518123,120966.8155272356,36191.64217382485
244,319.65626016037663,5035.840142011211,118670.00268498677
245,84777.16479685591,976396.8437171351,1533100.5527557144
246,145174.13916351262,257773.43520157324,25755.361002263147
247,85976.09835929815,1311912.3022408755,3615740.99348578
248,99751.47094943009,272981.63344127417,40813.71324804229
249,15009.639382858497,256489.9386243588,168261.16443475464
250,100792.64579151059,440517.6751216719,146236.1517820934
251,29300.281243895526,901788.1860097605,3616771.5491936915
252,26.894800969493538,425.3209005182552,6894.236674255375
253,18827.92999852614,282660.71458316984,179531.6110754594
254,70548.82963998674,1217834.6351491455,3480035.5048126876
255,87880.51913596784,1411990.9001076662,4430848.538307043
256,89699.6049920588,711286.8357311431,596869.7011239474
257,63018.46784892703,923168.106089418,1690217.6040293882
258,101032.75339964751,507915.35504061286,214710.2315768977
259,94374.212103339,652667.2750336734,451087.01880499604
260,110594.81504057022,421257.84552336024,120243.32600278186
261,108160.2603086936,444084.6894407422,141183.62862842903
262,35252.02151118324,188005.15761821144,36416.75590256343
263,67901.15977949706,704340.5423643957,731772.5263766807
264,71082.5405068311,1402594.4193030414,5372819.235203443
265,31222.327175120394,392265.00125834637,281525.4858792003
266,120774.49483411171,240821.7634598641,24934.010052874368
267,129016.34916589255,331792.0804456729,55835.00121540873
268,83861.68733112596,1587197.5209468626,6703475.91930161
269,1026.2054584521502,42772.253857913856,17229.85310690928
270,58447.7090033508,822356.8449889886,1292330.8933545607
271,88691.625931215,1289635.504637681,3336588.549374451
272,101281.9396409686,572189.2790870429,296626.5290624962
273,81961.25200696482,1240440.9740298984,3192294.4339585644
274,2095.994941868542,56607.39634508001,784382.4636198757
275,97441.42750692423,594710.452860709,340218.6493992328
276,3375.6193619535015,79263.53337275874,1494317.0276034665
277,34303.79240178918,168302.04545071555,27905.39354652551
278,62817.96984979275,219146.82517955732,33429.48741438338
279,14541.335387845384,489343.69492620695,1119248.8032249454
280,18.132360186755992,103.1059879692806,20349.73135739132
281,2778.4267021117503,168144.29648654722,473246.3296955205
282,95783.0224374637,227872.83671976364,26048.739035714163
283,8363.761648766535,250739.81747199214,3815704.452219789
284,938.1386561361938,56623.38532824874,40194.96729363475
285,60159.850491819605,317071.9473044772,92342.20795005721
286,148.68405771315113,960.0230604176636,108491.52405241205
287,91168.94591108312,843308.1172664866,949318.5420977823
288,569.7848946129063,13700.744649486378,181224.83223900475
289,9906.294961695827,124566.00775373435,36852.2528035221
290,183.87332476473705,1223.5578376741448,132060.99938849706
291,102139.92147948929,445924.4442032712,149526.00225937398
292,11550.29958090877,182369.52873493856,85934.8622285279
293,43843.92520059015,368776.67626509606,179490.96837006317
294,3197.7935727046497,175090.22311659224,296855.74888284283
295,7217.461428931479,301414.2832210508,2486112.501351772
296,7.474764071555564,40.22481445978683,14510.814815227866
297,7.645045569311059,44.73375536956353,9446.69113165078
298,161.57194562590448,4549.358706903868,38916.66371977118
299,88837.53918880798,985445.661623892,1512651.0706597473
300,118739.69594983966,326231.6882947195,57061.66404440895
301,45.903263008970555,816.856668305432,11828.454324695687
302,64568.46367707274,930602.5876972205,1692943.6974730645
303,8657.763889288026,158615.36098864538,76393.40469104973
304,60.73757774417847,285.7720918703145,133082.14830815548
305,88882.82019908112,1037079.1183429521,1752254.8747679389
306,6129.140972925017,242888.9865079511,2181105.114613639
307,111.53902634168175,3611.119280031296,23876.22946608167
308,13962.51857525434,574351.3398189191,2288051.087143846
309,2824.9234414583907,76079.4528844468,30433.02132851309
310,65.21540715781323,369.1982799769333,62377.837328418886
311,46802.159150199106,618175.016838821,697084.8060821134
312,21576.040653012777,481964.4872935504,693271.8247967081
313,25694.618164238254,894768.0522258473,4469620.386441572
314,109175.58500939424,460354.98424506496,154458.46264320938
315,996.387533183412,17154.5450084777,424502.4581651834
316,130.25615044475308,13325.515202482295,14648.144996928057
317,3591.2084107882483,35874.113978240275,2747860.5801895596
318,61850.001045812154,336688.104342745,105907.49421570492
319,68611.49693560178,684925.5385494359,670849.1686123183
320,763.3203384780162,10191.052289495583,365907.305717809
321,0.7115543321308668,4.395742454961389,796.5691319661527
322,26786.540420791753,330544.37745231687,202201.94394178057
323,54373.36171156106,690645.5902075882,836662.3596707184
324,6560.238879575857,332848.0454877371,1340796.5080521926
325,14172.941299990953,442859.24044174806,835091.5324445716
326,27739.59233128064,439114.2248989017,424089.6053057377
327,63197.79395722063,209831.0934781436,29642.937390251544
328,85210.34066212217,270626.6718889495,45415.30990864494
329,9204.087094097868,104233.81308182536,24983.58092081953
330,131003.93584552288,292326.83193491073,39245.88869472874
331,93376.3233483228,756436.8024294393,685689.7328565271
332,7.85658543423005,43.750367851821764,14463.170509593367
333,31849.61400624195,860466.8934157535,2731636.18696241
334,2.9400599314786424,17.51607004195336,3386.6610462904946
335,51860.901616197996,327282.81881115277,113592.13356542819
336,86186.88937820088,1210503.617919811,2834080.1912546926
337,43673.85483613389,325197.1671396642,128761.35234968498
338,626.2578431808348,50968.67730037961,64498.46650385121
339,120235.16538237433,299870.0916049114,45053.92221504144
340,73336.2174828981,1248715.2925958417,3618681.1353121744
341,88570.12594445322,1012515.6019672683,1639813.938351163
342,88635.64036767678,1522863.6004923587,5553718.527683201
343,115422.475262308,332036.7531736715,61218.99833129212
344,30525.429689582877,608986.5777015428,981516.832352188
345,113683.613552863,418401.1834583829,115462.53161063294
346,91590.34734177827,814732.2156156199,858053.536537683
347,10666.506563606348,251300.08936341683,215020.93073125702
348,62933.53355881543,270496.9653503728,58324.04206491511
349,88871.13652888534,1057993.3457710536,1856965.5738591515
350,59284.40858503972,752035.9839344177,988257.8152489018
351,113096.63373780325,395300.0533440846,99477.05974072841
352,1936.698159595664,78906.60837518684,46715.617882585946
353,92912.5537344033,615661.4111012977,388924.2580432926
354,49660.15757514264,843370.1778446452,1612232.6024500635
355,72901.58544075207,530603.6160436603,315419.1672930964
356,88775.82327279446,676415.2502776916,523488.32586695533
357,87624.21628723075,1184537.9434871948,2618286.3906183913
358,115732.10023629575,305383.1790288815,48801.80144316587
359,66601.86732557359,503251.66204803745,294075.2004759479
360,9948.862169968794,189760.3622980576,108120.95356004642
361,60305.917775480964,1121018.5676529696,3149108.2596796267
362,67465.25290643396,870004.5391809631,1339907.4379375288
363,42508.52148200529,816295.8750134249,1696408.1094871263
364,122412.59181624244,374958.39063876565,80947.39312162963
365,89990.61396679355,864188.3769497743,1028442.915346513
366,53944.4761436079,698751.3662630575,870654.5819972265
367,6105.5248981975255,195123.31122473153,2527151.197204471
368,74060.91183726059,748968.085276692,808303.0865729798
369,9177.6070671687,128766.40119335665,42720.60191802283
370,59.431415172232505,371.81574944526164,39848.50689204707
371,781.8906619971705,54528.299697663075,134396.55496833296
372,4909.284722914882,213210.80380384217,1566458.0001901865
373,1701.6329145672012,86797.49204411013,69677.76315008583
374,338.2018021375124,2029.8243056919925,319432.57781936217
375,3540.9001008104774,141589.88020007595,1153477.3510356427
376,49730.88874007333,260740.6364022574,64389.53636072249
377,134132.84072153256,265937.54826566443,29864.222515344674
378,8806.498202860319,216678.90927098293,171060.60133945936
379,58697.43308504711,1003964.481285614,2312920.9787546867
380,70604.40664698179,381069.22485202993,132275.8177722351
381,119229.10793565877,383262.61284333206,87709.2712292231
382,118627.52872826386,398341.69107543596,97720.01853324729
383,114836.30255282958,275146.72863587685,37138.35876087575
384,18.39643320787324,104.70685428301068,29685.83060538375
385,81138.27207345622,1048017.1605525975,1955540.759392638
386,92416.35733488541,668296.0944493798,489900.29080837546
387,1.389961366316097,8.310581944606405,1452.6897851173212
388,1018.4553521217534,5703.445601218901,1277966.2008332002
389,246.0038653408809,1598.550294596773,191607.01408702985
390,8980.578799182105,211112.07585681012,4788948.287674177
391,22963.693763524643,153658.11259970596,31030.481817940352
392,443.31440282337684,2531.682302980168,490514.58945367066
393,52278.825954252636,493410.72214857396,340499.008962436
394,29010.571999729244,444676.2366167029,422249.8955592634
395,41489.2459614656,352773.3946069657,166893.45087844116
396,350.66286694205206,9638.50133970104,95919.36956584218
397,115935.92479738187,368597.9231179544,80769.10392264245
398,56.466254353409965,319.78201154577687,53007.15732962718
399,9558.272173153959,269157.53761693725,288294.39521638
400,3.164089054952751,18.154686894661257,2936.376925821858
401,114.58801918258713,3255.041834107912,26208.785102668393
402,75582.75884168144,276533.8419997981,53123.936208317515
403,103543.46324152639,528942.2574913705,235083.6953520715
404,76600.54840090063,1184238.5170820751,2956831.3180697295
405,6801.136479490078,136845.94312444996,3755767.5865480397
406,39213.23049374479,575229.9107588186,664320.6616458108
407,18126.332586455406,704102.1284930466,3260886.112444265
408,52064.29396710412,488517.35968741926,332505.48584757483
409,55262.16640118466,478136.2005146483,298470.60460678674
410,16649.496809092227,140404.76462207167,32319.91459335034
411,812.7599685373027,4913.517736414277,841927.1099811868
412,138539.61500892512,311458.74121054367,44475.86143614435
413,54805.831213182864,339204.42003301077,119371.05229615289
414,7.007802631184477,39.368859261780706,4739.470454448257
415,4736.926173820519,137610.8838640026,88992.06962479411
416,139655.73225232394,304225.4950280901,41484.01440010981
417,32845.599118797356,198912.17852730805,44802.25992747251
418,31109.08530289132,239055.56013892728,75830.27799147193
419,86267.18184557727,1572648.538376053,6318551.384401896
420,82611.14014055365,1323885.5645532703,3859199.2490957268
421,85405.55767081374,314874.954761298,67908.60396139484
422,109.74827857751256,581.2963325567737,200006.15753309967
423,41.03084063279366,230.76917172983033,51191.936958783466
424,109936.42360072714,430631.0586932465,128222.62127785991
425,3.7947495953548596,22.590576627918363,1771.8179972774822
426,87969.48003371437,1167987.3601277908,2502856.8544106046
427,16.677219109098473,91.09500963985354,30951.657514205006
428,25926.01413673473,159856.301538923,31000.8381296647
429,545.157023475729,8877.561910241287,216687.09459643485
430,110888.19671980343,415550.16857402225,115648.83447281571
431,11677.45685519598,126029.79177658615,33079.78650302569
432,81391.56656771418,1011837.8016546972,1760580.194652743
433,115468.85361360392,404187.44323824026,103869.06435347332
434,80297.41164252679,975109.1339272821,1600405.0586064956
435,6.532066133787616,36.60569385901498,4467.379218236393
436,4320.850333374535,112750.11871687479,1887294.8431620123
437,2302.6415545085097,12861.195531024827,3092184.0219713193
438,94893.19245059197,688229.9411694326,520131.8303291062
439,135523.06759978092,318142.63256159343,47931.83222379815
440,77717.45425352758,356035.82903114165,101912.5985777997
441,78251.49630890132,745876.1901373722,763013.3169934724
442,134869.29771504758,249483.7193305624,25045.841962292172
443,122.29469425775824,3815.4667852091025,26964.768614533867
444,2.305619914652948,14.004112659878189,2926.1057405204974
445,72986.29025248838,1521006.4122124943,6794229.471945854
446,884.0319178887465,25777.447339674953,272251.1794954646
447,169.09339437959906,12482.939143546513,25886.912973138606
448,53755.58313684304,334617.7942450676,116973.6284178759
449,44986.9311146317,344844.8257003035,146872.11066362055
450,86855.8966946663,1598000.001152949,6602543.895467626
451,62928.845920058826,332224.2018801195,100756.51972811887
452,750.2543653980134,31543.244983277633,185174.85892993095
453,122869.23991278377,372694.2356707469,79399.38304426054
454,79601.4675943739,654431.219868871,522443.77068993857
455,56484.618653225625,310170.93954707764,91754.82193338139
456,10186.09041010738,382239.91480047593,4054122.302821056
457,832.0759351598101,5209.84698387878,814247.4060146953
458,131221.19086754037,321525.27138636546,50614.50086916657
459,31176.753274454208,842405.3601150304,2612598.9591781907
460,3879.1244400355044,200276.22347185877,349286.3873091813
461,1216.4101371984875,60090.24025620391,35563.72817141858
462,26419.672882249288,228498.61790690772,77240.22080835313
463,8126.82476718267,293577.90307986864,442733.45010039274
464,22.88103832132512,129.21055323272256,37384.04079746191
465,365.0823847900687,1944.4018057117987,575771.2920976405
466,1058.9248337444567,74462.70811876318,172350.76952956815
467,92.6359081481274,517.6506185456185,102761.34201931064
468,805.4466060071295,14101.514952104184,327249.6079471731
469,33641.81171717877,439877.1962710188,360784.26848768245
470,855.7816429200267,53297.19306009834,167117.81334232338
471,17.546094175279677,99.49685134965881,13512.813506296083
472,119349.49937388448,259411.80103965336,30731.96596399189
473,82771.96745873753,264209.0107250818,43636.90364230948
474,105018.69419219895,481971.60069114633,180479.45551186864
475,57036.48040737018,323241.9704533557,101582.46719533564
476,77714.17065600422,1368229.2284463213,4532385.042587938
477,129260.57510272271,344362.84408387,61612.86461654338
478,87799.28741497763,1018452.5764143058,1680321.6926344242
479,83212.38063426773,988480.6974237997,1614161.8163867956
480,101040.12938671478,574345.3937100099,300276.9037770602
481,85873.1511908902,1143995.9609597677,2405209.622435269
482,24003.72787867847,842696.1223193909,3937046.272944279
483,5260.397151363631,250679.98907252995,1508535.336093803
484,101812.75052884166,456625.4682369135,159848.2951103505
485,6569.497366447429,131578.29246293177,3613569.3810180104
486,689.681240807505,55161.20490463083,74367.77551792162
487,79464.94320914656,518362.560482768,275804.28037076397
488,8009.754840592629,139937.8310225841,4945439.009008437
489,101176.28300999892,561074.937546763,281360.96321839944
490,3636.9755612666436,29528.19570134168,3275730.7841907158
491,64541.68183699727,895436.8848714548,1514021.7919493937
492,5.446022845508169,36.96945910052412,2160.0224720314336
493,2153.425416691745,83644.12384290174,49308.48777498404
494,2638.406651106914,144017.7195358205,197148.11476608957
495,87746.19720085275,966098.7901238467,1443934.7173131858
496,88689.91105442266,846837.1840951898,982902.1996023231
497,0.6275182197885917,3.9481145178623587,765.4145544161202
498,84315.55342247793,577933.0581951105,353795.6125320332
499,97429.24468703679,266653.43785336905,39084.39182598563
500,7445.820925222934,159982.33521877474,88797.46413575698
501,96205.74375946139,530574.4739907585,251573.88517648925
502,128.1626661564744,4688.060743845632,26393.912170322907
503,168.23749980678198,927.7480122495045,211645.78741749615
504,4722.611768009123,86260.15622153586,2575123.3287173575
505,1099.4789060897115,5887.566252451064,1605447.1573037053
506,86331.55803034188,337906.4981255424,81297.46233473485
507,78807.39180234258,448562.78021809494,187546.12385550875
508,61613.92289037448,676448.4477434239,709292.4861721867
509,84729.23126287997,365132.17677410546,101599.60650418498
510,44005.890331804236,1027040.8017735122,3335346.175441098
511,1330.6141785581867,41473.663603593384,423941.97641956696
512,58.44956737352198,399.0180049347511,33702.71331740217
513,88159.58089047205,1290773.2061467073,3363949.8965236987
514,125940.59685065421,328413.7982201196,55389.13813559934
515,77102.1051587618,434067.67309071374,174716.8849327835
516,1743.9835586127415,12473.791758212008,1590969.1229453576
517,25619.055180192598,877662.7146447746,4115496.866883055
518,90617.51296321969,719833.0938665753,611923.508893139
519,98044.44581809618,398069.39827663393,113782.43547362628
520,92578.24017297689,663970.1294414835,480485.5214739134
521,1245.6474269792288,7102.857658259532,1519360.3882485207
522,93506.12594342808,685143.5243647521,519896.7605575894
523,9269.079101559011,291980.8778809075,376055.6066662534
524,21971.0714179423,843112.5336486291,5260046.203944204
525,33.741906521825484,792.8651998621552,7239.764145797094
526,88693.51728379095,502528.77413975244,231780.33062176732
527,7219.671867351263,161802.4406282994,93915.34664029849
528,58928.532071413785,229278.67888681922,39761.49133500057
529,84342.70703612297,961422.323293727,1472827.6031354652
530,3.8626279136291304,22.244410894735783,3749.679222753629
531,17853.764062696442,724054.7891045493,4369766.9209380485
532,29955.81934924915,315270.67073228885,162293.3311105576
533,85073.25274280751,965555.1880578959,1480157.4461246836
534,3794.7277968699445,148277.0747298908,1269870.0809068666
535,88584.35176456977,1270635.101733214,3194869.18180996
536,1299.1512318148634,18329.945129836524,658301.7419587835
537,4640.681178555193,147870.63403155073,1829989.1803131145
538,2059.0862876759993,121398.68014712149,161285.32439265933
539,3917.498511122545,118535.75687713955,71269.43414660035
540,369.873002179831,8692.990487093566,111044.09237075971
541,88239.61533530899,1128993.2698678854,2258711.6423273073
542,97442.1576451668,544343.8716197506,267016.94726676936
543,84122.04366904442,1336405.3948066626,3903814.0134784514
544,134.14152635258617,6019.716178327792,25348.459421756037
545,134752.05571823358,314978.081650136,46876.27406533769
546,26193.240908784977,859453.4040170605,3609942.5109694223
547,31979.018228331635,559248.4833698967,735653.2030520906
548,85090.85268665699,744924.6708839919,709181.5893521939
549,3952.2053703492484,71556.85596588314,19767.17133156513
550,13115.112244208924,533820.0413780358,4680591.346312027
551,2215.107130937547,81938.17555769607,700659.1511142292
552,100643.80065667548,541622.8866102907,256593.67578845882
553,3146.4795108421577,179147.60448468686,345584.9519101959
554,28050.071085823143,229078.60719898916,73957.35564806488
555,49233.95580976952,674402.2651333866,852586.3624074649
556,109471.24115937644,436215.83512171183,133220.88110821001
557,104517.4979106787,288922.3553495079,45719.43788420223
558,96820.95204807137,488061.3108670322,199407.2902643956
559,68486.35112193508,1151392.1773286697,3018418.717157473
560,3.9873529546974407,22.20829326369373,7491.726246623211
561,28751.119404428628,395190.3827181472,308121.1986009164
562,85158.98651965245,711954.4408037348,624549.5380332426
563,99387.17740013951,374460.6977375057,95467.32834910833
564,912.4684903204279,6163.595874671245,811995.2566895233
565,30214.8104949104,624351.426255092,1066213.900736088
566,2284.9275632792314,123674.14075990138,144414.36121560095
567,7215.429002104671,225443.38128171244,230355.08708597196
568,104107.27995683825,475303.99530035106,175012.36383213324
569,88823.83221019576,943989.5494430905,1337240.4144988526
570,91585.31080810091,1650989.4778338643,6935013.010028277
571,71800.54417214089,234790.58823241136,35880.68886206466
572,118483.50816018978,267601.39921563846,33601.47598372912
573,1393.413509137899,96711.07098684965,160030.2903382489
574,150989.5927343107,272316.3577563192,28916.756769145337
575,151730.38078281013,273558.4863715185,29157.445145854064
576,14842.999766069564,626519.3766357194,3332737.6511387136
577,2334.7478466273988,122584.61718702268,576663.7759252705
578,805.5807805867296,4426.720673653289,1056457.2625625967
579,2957.164919964527,176067.52007190278,530655.1778869968
580,19.00350486624667,147.55003900730898,7821.27744478732
581,2232.1148653036444,18873.65696674193,1804060.24582039
582,83667.53599412838,711936.790768822,633673.5538487405
583,20076.728333526135,783663.1426290899,4511851.496288629
584,86897.36840022386,1233061.8894354897,2972206.8047002903
585,38831.03426215856,656365.3829373168,974822.2129035818
586,3970.127148898281,131078.02491562546,1489567.528160007
587,56026.16014404628,631225.9743463482,633606.53299652
588,49579.9150338663,726585.9352139441,1047634.6907118938
589,105973.2338672233,380952.90546998696,94913.83131238219
590,17486.671955002195,701622.9282324447,3635280.3312102295
591,293.92487488402327,4453.55330734397,110329.61999707569
592,39397.641092684826,406918.2144777072,255599.54335614952
593,91147.20869878489,618599.5336004224,400254.64741925074
594,88357.35055021773,1261942.6986201166,3137221.1556330174
595,685.649301126825,4640.911598125684,584407.5099424012
596,84504.18742056531,707172.015970612,616841.355871357
597,3442.489881959752,186391.2938723639,810866.5575436339
598,114990.68771770973,238473.96916294392,25288.202270406597
599,1846.6644535749044,63354.136248617164,27652.637145303783
600,6.977520953258143,40.04488646705652,12067.76657334105
601,23216.630712649945,260965.98400977103,121855.91545921366
602,15464.752256877558,167437.43776856625,54022.19685938292
603,80441.23430393304,221766.01858381645,28028.864573701867
604,49250.67960679076,810351.6988361337,1444966.0289864095
605,97742.36457283847,355777.4344925634,84343.68812584385
606,84586.24964099428,1044714.9018078577,1868394.8583588726
607,110404.59718509058,384960.4553099806,94442.48118063861
608,56938.67750396959,1081518.3333796521,2986452.447095042
609,98915.39664732841,428516.9877720162,137803.04707715215
610,13107.035421788396,458785.45784081554,1033836.3096356991
611,6052.787856052896,88706.1609992828,23663.076759539355
612,127291.01759506064,346902.34449212643,63625.16878670606
613,242.18760287355067,1653.6260512872518,174809.3506647742
614,28022.22395450274,972728.814610727,5464783.5275176
615,77.59200446192108,5346.135650587116,11532.710273917246
616,95731.45036473947,669377.7613667992,478163.98660809547
617,588.284121399162,7614.217013061666,275497.9498242667
618,276.2148897937838,1252.2695799125243,628538.2891861794
619,145042.68909576343,272658.8796773488,29972.52147851024
620,3.015793248626608,16.754666458149696,1765.782661584951
621,86512.0801464758,1479996.4690883849,5203570.763652159
622,120368.90479571279,366691.5845200321,77273.65606819843
623,3289.644458496239,75274.64101167936,26086.39383290712
624,94600.31387159947,670597.5729102135,485255.1765534264
625,6.449612261224534,37.810963837702374,7755.649853676494
626,64654.532162609394,420218.5434549356,184927.38475287415
627,125148.18705391549,333526.1461586198,58031.89554576796
628,89943.87321865423,1527032.2951571085,5520482.310303075
629,84036.97061710812,649170.8851124855,488627.62265035417
630,146365.80558452135,279686.1830904454,31859.821590276773
631,29.002018920912885,151.12573585948826,57289.15140755811
632,629.638210955256,10845.769283283471,247664.04347131803
633,33150.92123589525,256173.60921728594,86215.6909610682
634,597.0701490792196,16954.377874618738,174726.25489845924
635,101458.4319455207,357490.10999592,82883.87011669397
636,85893.05099521298,399706.3291103357,128112.75076701639
637,36928.725990448955,159822.1985470619,22877.992566261157
638,69207.63312468541,436231.22613414633,193439.07662103843
639,3202.2738615361936,153277.53305114296,891178.2898011889
640,770.8365800127676,27536.691692351294,208219.64740941065
641,151655.1346440752,277277.61419364857,30248.031829907228
642,32501.829094685556,564802.2510247164,745582.6581844578
643,47.713590460346666,2465.0580357530707,7608.867572759066
644,137623.75804617733,254268.23132218813,25926.193137987742
645,14587.317299228871,501028.1119750395,1207730.1978744173
646,94.40264271542698,721.7149269033204,50984.966456992624
647,781.2615533433838,43792.72271082833,23785.644323033375
648,59851.117023488645,553884.1685906026,417527.67972570774
649,17631.400355244685,270891.8408857089,169550.86088885617
650,73947.41776420266,1223322.8595596685,3371751.1913784766
651,3459.6102226408802,121310.35924568323,1221292.1274498666
652,1.1228183535718672,6.716052583593256,1143.9707193025683
653,34.0794260758136,162.88398830542903,73663.21790613349
654,717.3568189454859,17037.626704697832,238806.52424229513
655,372.04594264809907,13216.445338649792,90024.37562188882
656,85078.04741986805,1298601.165541506,3540401.4487616057
657,717.0865726226563,56690.45828311558,88916.87418091125
658,5454.898931884416,273787.12988079956,654452.8841020733
659,72397.46512922579,1437058.2117507143,5695891.559973496
660,9676.39346017618,250641.49303511457,233495.3488596795
661,81368.82793866075,274165.57566672424,48844.63605864865
662,151243.20907787155,268601.4023514164,27830.2419740676
663,40.42263831478991,227.09222988958157,46466.51771966928
664,162.9574914513288,5289.236510296901,36642.693487113414
665,31636.988303576487,633685.7476942221,1065512.3612041145
666,91439.3988113478,810794.2136746285,847583.4708524803
667,3716.699459113075,42193.763421789175,2614821.101109265
668,13.392479855195282,76.51327269988869,22168.39570512043
669,114552.34959651735,415885.6721057889,112903.67331138003
670,338.54388099862626,1480.5124319824122,795127.858687713
671,119650.46101708524,285219.58769863384,39547.113843627674
672,31316.484534463474,934677.4258108037,3735134.43294893
673,101225.32109945077,270832.75742122735,39481.15750384776
674,67.0718109155715,373.84720133854245,85425.77611136695
675,104765.53352431918,482783.05745577824,181658.486234027
676,1.5666082012463536,8.937132393704918,1322.090232448955
677,74610.77685645613,837721.9681963513,1102624.7660972034
678,140115.6702963998,305432.3140022759,41816.803983367805
679,11762.532836980454,424970.74229829013,4936033.209295183
680,46379.7675813621,936385.2422708595,2357909.0842537624
681,77.0241350281014,435.00860994136076,76308.41094458639
682,264.3614521383686,23828.216371039278,33347.63817945843
683,6225.64970313,181006.75734687655,144438.79500311878
684,39936.33396624532,491459.0245575869,422433.3259126545
685,89324.99450706913,605941.0942583854,384385.76593743404
686,86910.35401173389,993588.128133259,1578253.7017642364
687,21753.2073601726,388745.3541086856,375288.80206343275
688,3045.6871124545432,149063.1725945235,825424.3768009477
689,4.566914145473713,26.19226136070865,4404.131984814938
690,1125.2595909107588,9285.56169999275,835152.1308062461
691,499.0594967588888,14719.719609142003,139032.1722486008
692,3422.3029758863845,57646.53801740942,1845142.3327868173
693,81990.77007871734,341115.1179478734,86978.46335067786
694,1436.0075290729715,89827.98571979524,99024.83063867582
695,73723.61816235963,1369453.9296946654,4793432.283157676
696,3602.6918833193045,100320.35622133587,49800.57471034138
697,94463.73650533527,712221.6664317518,574196.1018862585
698,66146.5356922007,1357299.9872683184,5224660.058093646
699,92725.4831499883,776199.9243906494,741280.6276315069
700,80516.78007813418,1151323.1541485735,2596731.8184766266
701,84309.99310221418,286673.1772611761,53424.122082478236
702,607.0680550920586,34669.9302882588,16450.045019725327
703,72490.65280325753,591479.4235755786,426793.1256564374
704,4045.3070424919856,38172.52368352469,3289732.8404893195
705,64168.686671338335,1418248.6158442455,6247198.214899289
706,136475.85103159066,264095.5860626304,28902.186632276298
707,73807.61075446714,385496.0584802695,131567.03737499568
708,77472.99772333271,257992.76108448688,43267.219962659176
709,92404.22855302248,563715.7145515984,306716.371705119
710,88501.19529965214,755306.2375372027,713642.8703768671
711,71.19743277470006,5178.62003212534,10263.118607390485
712,2311.558240186476,60756.51176197816,894328.9310532135
713,189.4282010979787,1799.4857828405763,92905.70693843116
714,1593.2763769826456,53021.381368350034,20102.359894808513
715,91190.86691086696,358007.7989135544,90758.17706500752
716,106226.57504813792,326009.74490219675,62350.66100361486
717,84880.2214086977,585732.2449452893,365058.1294946547
718,56.50339102417832,317.9221776719522,56697.002589574266
719,103133.83359354005,539175.6158348257,248489.98561440752
720,129.275130288272,1689.2362700671883,46889.4838161176
721,14.64818178259139,182.02034514606615,4002.0574427164875
722,1318.9641937565932,8837.606785333826,1247501.4228824223
723,977.9397677007848,45942.48542103258,236128.01389231806
724,17780.088662596474,162561.31405764003,44545.09768401245
725,183.73952809657388,803.6927342100776,428716.4950555006
726,93071.06676568667,491433.32825250615,209774.5683173845
727,105122.4029285726,496393.92700483784,195368.5606303776
728,19653.543732702514,444335.92295947776,599728.1646692018
729,494.8124968189686,42129.13905028822,49272.55949396323
730,6310.607349800269,322877.561585605,1269817.951914079
731,82224.59455354282,1360269.2443115294,4212000.567981454
732,69454.232742363,940227.9534037608,1634827.9082334451
733,74433.9582457883,1152574.5249997778,2799525.328233791
734,1869.4870445623062,77273.09587997172,45707.05719707151
735,82852.68739318402,398245.5093651528,130639.72584773014
736,693.9635247648245,5161.008973736071,529971.8730383113
737,646.4075608612808,47792.22594031104,103003.33818196299
738,69546.5210366674,1391461.7690416563,5361212.358634186
739,86865.73070458265,1074467.8388812095,1981240.4123037623
740,431.27523732899374,2307.3564990823734,648556.2474150974
741,535.8415155096238,34437.034926486915,98471.68541299077
742,8511.461754313652,408396.2333439399,1848005.7222885157
743,110959.76464659785,359487.2736320438,78239.58481563091
744,5957.998704575461,249127.05067861255,387014.78917831765
745,16.852613504977697,115.69423957503403,7879.3278528239025
746,1.6134241699764558,9.414836495581563,1525.0569777208668
747,63410.32965024461,1339843.4182391346,5248648.350013948
748,6664.617752387823,275516.86774055683,464702.323806939
749,79231.7866544912,1503323.8419223526,5979920.67942211
750,88250.15979472254,281160.96893608215,48851.398590129545
751,20406.92917254324,263724.18997939385,139583.1513885807
752,113645.09645909624,336123.9148663624,64064.38925708836
753,477.6327911884268,40514.01558085429,57432.212518949986
754,86293.26664741716,581366.8204573324,352855.5140084854
755,115919.85838837018,382587.6849678468,89297.78134877497
756,2100.410192334747,134857.37441217317,283327.72664347565
757,108878.6811354907,446251.82470709656,142293.67218626503
758,52847.40146139374,541145.6471759636,434542.39648113836
759,98273.63932518272,228014.58883641072,25541.114839344096
760,91984.74125842265,519461.7593987822,246264.13409951126
761,37144.95043412096,1001273.4702024219,3763622.704465352
762,88074.92067120282,791550.3378577662,817181.8355731964
763,678.6518123190534,14776.954062489516,235157.8382174226
764,74037.5562955884,1440333.192140447,5601739.708407443
765,139858.24767585084,307745.2422824295,42736.87778625947
766,1955.3279582273603,84929.57904591938,56417.747255405455
767,121846.65957393356,275760.4732331165,35595.843864972274
768,62489.14236521814,267157.87513204524,56766.89589367181
769,27882.284111769844,525235.6893172621,697339.338256854
770,111883.38199145673,449778.0302834397,142204.19535616555
771,847.7525371147018,65029.02410573673,90909.3683296213
772,158.8797282042008,925.3863520012949,147800.43918084714
773,9770.25451301959,228211.5683747807,179206.00529442038
774,24.778401143637033,139.56801925047256,22838.12015474333
775,97575.15288771428,575689.0132083094,310856.7754926449
776,46540.58921132681,1073037.2535324981,3608239.9615357146
777,470.01809514614354,5206.2668542589245,237020.22053691343
778,7.531763918266726,44.478531353580394,4071.622506500447
779,24643.99805906157,315271.44562825543,191183.88315368243
780,33709.90947689242,320616.99174591753,153783.0996798171
781,2233.25906974253,41697.56108218907,1046593.722750455
782,135417.93761331183,275323.2880726502,32526.355747613074
783,21.82422279636151,123.22253858869067,18527.11615035015
784,89387.9435211777,1465732.3029640848,4890285.977363405
785,93576.98050352553,622297.3394340408,398261.5112265602
786,1181.280676603906,31843.64308782204,399302.6463778968
787,55637.93692440661,1354898.9270071222,6370707.356453361
788,109064.08520169655,472799.7292243123,166174.7116030913
789,105619.43744152418,420442.6188553839,124143.9051106491
790,87744.39628905826,1279601.773241155,3291474.9803541857
791,124419.85401456173,248038.30369688675,26338.275933077126
792,23057.491664112375,515722.1810074426,791525.8159867784
793,234.64026032780168,1565.190807085271,174272.34799084606
794,1421.181946430291,23514.088838347925,660844.9431038494
795,492.26528869938363,32171.64953724629,88730.2157474781
796,86954.83764823232,1477665.9937749666,5152019.3158786
797,72003.63020465882,219164.01270076982,29809.178592606735
798,1791.5835312852773,118174.66117221944,215984.56730351242
799,118339.50224328117,393508.72163510596,94741.65863719922
800,91833.31846663631,797290.1620148269,805605.0109595759
801,86975.03326528288,1048773.4510834836,1844435.865494457
802,25981.745427122325,312304.6361322178,178313.50502688668
803,84394.5957124209,1143294.7807217084,2438259.520307856
804,2763.2920561705178,159636.70549455992,584216.7242978084
805,139491.88496434156,309595.5168188239,43523.12339693128
806,5.595412310196336,32.98408210531676,8902.896917095153
807,11041.213659240519,253274.77840476314,212897.9541210655
808,64501.52135342356,255932.4766551415,49336.48176397131
809,62163.473530916155,915416.137709693,1669482.4626499964
810,1726.7086256753655,29529.25971022261,814562.080598687
811,8648.526393126413,168003.28136454668,5099358.786737813
812,698.2302166524262,10513.728086205349,304362.56007692235
813,133472.36558673158,321423.53441368067,49881.93812210605
814,44703.67514951401,1034106.0814760748,3350067.8904213435
815,2534.8448792143295,68994.06176654725,26118.950808642203
816,14502.546839461978,618632.8772099355,3721540.845696896
817,2.383299968244327,13.12597857802455,1530.193721152891
818,2552.1444919378055,131814.08684035734,645322.3806210668
819,500.872223945782,38452.33858750748,76820.026134986
820,44122.07713316308,1226148.7011379784,6138348.610486679
821,38.13558330208713,229.51768855550344,26034.978464058895
822,1719.5646726945392,10521.620355365501,1904671.25903448
823,91591.64538133156,247938.6748488175,33867.95731046661
824,365.5784141099883,28424.63426850464,55742.35912756855
825,83.38224576611925,674.4924457100733,41560.21061874889
826,93770.4918313799,553634.6162920379,288489.692848316
827,113816.40812161223,422125.3040695299,118147.41196762453
828,4.197892962160814,23.354636769972032,2743.838187042982
829,459.7971254810959,19376.475184737457,105381.5679998435
830,928.0891307069659,4745.030685540194,1676106.4196376316
831,37953.73037686551,391429.5546458718,237516.44725480105
832,20622.96715183797,792336.7351314033,4343389.860063961
833,261.307188674712,13150.596469832486,50861.86346367265
834,80509.8938856404,1462686.2102203683,5391041.435830732
835,153.1000594826336,14689.718530164577,18724.331263967262
836,14358.660116113671,612381.3406583393,3335051.9348076526
837,87496.71998762584,617260.1619478243,411353.09268911125
838,110319.75910212898,429675.81378639594,127098.46850739606
839,82055.62101304294,1319829.2456206533,3847858.3654019646
840,806.2864628325633,4309.532467900513,1186519.775328145
841,84272.58893525836,1069685.4582647153,2008082.6227143926
842,108017.49935417254,380277.3441051762,93011.74189945486
843,1644.5847698489486,86935.746246304,72920.80440004506
844,632.115998893878,47099.52093028171,99663.2652391918
845,63600.55633405221,1309804.1728157867,4860955.200788513
846,144639.27969941153,291420.2911346517,35924.398688327485
847,60794.27311963539,267938.9131800215,58532.74189708596
848,112128.79926998423,439744.1676467745,133548.46148784773
849,26989.009953255998,629551.8345507805,1222578.1486656424
850,7144.384909275606,347221.41791016277,1072804.023169629
851,62033.57828872837,329954.5069273419,100108.16242634968
852,7531.685148757684,371093.13014325243,1540256.7562486443
853,86893.9400853663,1075783.3404147322,1987760.504533316
854,150949.38006142384,265660.93772665574,27060.90807762526
855,70.20759693238789,391.33507070802125,85814.47694093706
856,65727.73287064109,912285.2430952339,1572586.474504441
857,6310.653386523951,309568.8157650672,1662141.3153771136
858,87808.78255744901,225450.54644662098,27217.831572279647
859,64353.98282589923,841298.6302123048,1267876.7300003422
860,34.530028248573,238.4397534112501,17987.361450196822
861,102487.8102580761,547812.6384981694,260827.43332106853
862,98200.67511458459,575660.504789702,309210.8993035661
863,21.553256635502642,123.24896116050971,31410.00332954759
864,64992.01909471134,910237.7054747832,1578050.965301697
865,45776.40760609115,1140689.1888370574,4508854.168472724
866,63015.23411234145,867547.0832191154,1411052.9626841461
867,115724.15842087526,413700.57877593656,110401.0784569354
868,76175.05798519096,365520.75987823436,111159.35412233928
869,127227.23279786122,326821.64068966144,54223.30478382401
870,50256.38430434261,387251.19356103917,182730.62232698832
871,67426.55368737769,322084.27553186374,87630.1813595498
872,54014.368421930456,439985.8726583968,242781.37398465798
873,132495.40133160396,278606.40021174547,34178.35618775187
874,15.462932932721895,168.60777485338613,4641.406945483364
875,10635.66798273462,459429.08710727113,3437633.1025963845
876,275.3825101787658,20716.36490925405,42955.589678893295
877,76244.57713316297,449373.6425658733,193620.15987225267
878,87529.2740432624,837885.5650650685,964333.5227000865
879,119184.18707123166,274498.7938781082,35800.56903951347
880,77666.27385791225,1044302.7090718924,2011494.3165457072
881,1537.5801364574716,57908.63266615676,25873.900844652988
882,96836.15408363004,632621.5251724763,405301.57354772283
883,97186.98501472738,449614.80397017545,159168.90951360558
884,146439.39364692694,258531.39839683895,25777.409733926022
885,101845.40486482687,556930.7632911345,274250.7077846144
886,107458.4635565538,278200.3052419394,40389.50954610026
887,2335.629808557691,91605.93188242275,719801.3669239134
888,199.02676710080087,11101.717000618406,35716.094999240675
889,88115.21781882894,1033430.4765490321,1747454.5067891092
890,97.1103600678647,535.9838188755808,136085.12398132306
891,80095.23109899447,608236.1932637747,424621.873538973
892,447.68550429891667,12702.096157864233,125124.98837215739
893,88017.70267274641,1489791.5584450543,5221856.9587466745
894,2296.970624790104,135693.53990567886,478158.5140008159
895,124923.02425624822,339673.7548559785,61040.507511174044
896,19.933404785305743,175.45744774045002,7331.827253619624
897,25957.871113276717,691855.213663872,1708123.0703326962
898,88368.0786045858,948847.0957546551,1362973.429572687
899,4077.541794774733,159291.1666225635,153838.37059895453
900,131.65638150683543,6564.275919204287,23705.05459460107
901,70116.19108161457,1084031.6769742237,2463376.9146271595
902,74205.87919383709,401850.73565886664,146457.16228569986
903,121920.32707833005,369680.65201268974,78169.42628770761
904,90303.85696456808,381335.9837347257,108377.91434835074
905,87081.23778838,762635.3641537883,743071.1238000405
906,74638.39612837812,1071335.1104211805,2246954.8319079694
907,87708.96840803919,1082578.0231746722,2008202.9932307187
908,5.421091051118454,30.802935263289577,9742.420174859895
909,58726.617408867765,999130.8479027493,2278635.087061953
910,20117.07989745917,588329.0128041793,1367409.0166338838
911,53072.28805062621,739911.2411063093,1039144.976317139
912,118437.09589377505,254373.64104440506,29342.141765259366
913,9390.023596816107,440748.86522025487,2166512.259720998
914,48.728509119295964,291.35622666587983,35256.77752522639
915,1057.7547730798376,46993.31980693297,21291.450706251402
916,92750.25496203401,289800.0968151816,50838.42211023511
917,130719.1962333511,310582.48759590776,46260.869959334115
918,1.0583634574906113,6.429663884490224,1153.8987118224718
919,1482.8867485539472,84890.7440718388,325183.68978810264
920,90525.0802652703,888211.5253028732,1106181.1852077513
921,98040.05729119075,567720.3518354434,298066.0649098606
922,148423.75962585027,275682.3485688585,30304.59202998776
923,104361.97469429964,518934.4036310767,221748.78059872208
924,100595.27801610697,250209.47515641266,32111.751204225373
925,51012.591233036204,1008000.0942841985,2685736.157870213
926,150843.56568960118,274068.5806737813,29442.885215480714
927,39895.297435264976,605185.5073254354,754924.0327262972
928,86354.88010779026,432630.9474800978,157880.10932658112
929,26289.809729326764,945934.9537545353,5648541.416935472
930,19.575843437592383,110.45092573339832,19583.82617692332
931,522.0621501632296,5080.694810491825,296516.30285838636
932,15778.055071476792,180027.43565549215,64022.27553283141
933,910.3385536654241,30011.468888697684,263712.59465281304
934,49606.69201045751,1106302.4903418645,3707516.8780283043
935,84986.82683800749,248029.97823299252,36074.09659160267
936,1535.658108405771,14420.598952640488,1072641.6129782824
937,63469.880259824706,819094.3713562661,1188489.8355261185
938,74030.3587393968,342399.1168970552,95536.23899851272
939,4352.80848520768,130047.5611488286,1761688.1090822108
940,0.7041462316011557,4.456962781703151,1018.6504612448911
941,8106.934912881698,350230.6152893672,2686200.467964409
942,16519.171171568785,643797.2169477333,6246327.0267249
943,30119.87046383694,383680.6490936613,273373.22329138825
944,4434.091182160385,242686.55189989507,894515.2552671535
945,100274.18759970224,583528.6356236384,315551.49553650955
946,109135.73905065714,427004.32825955836,126067.23150657998
947,152117.78605748812,266139.45810646337,27023.28250270835
948,17.05922145998806,271.56884889739456,4109.036498877651
949,80640.5211594594,1521683.45687536,6102517.150607565
950,86448.61118331167,856337.2922766216,1036400.6931536626
951,1272.643755826607,7226.921478432778,1569949.4362797784
952,104.00623244746492,5969.256849038353,17179.846289543413
953,55031.40557066175,458154.4798156087,266735.0613357319
954,6179.000555082722,282247.3366483656,570620.371483057
955,131763.29665629886,293473.8265240868,39475.38027652158
956,112013.59429962988,409604.2356508679,110335.89873660763
957,86789.42463105232,1560637.9176884165,6128269.954770924
958,63279.58151430836,249031.0273966181,46624.52572422993
959,101378.87663452758,568105.7493108928,290642.46962718223
960,78399.82559412543,284649.14128005924,55666.83418191647
961,6259.205057232975,115162.70279837072,3582186.156584523
962,6255.475645061346,99630.22284996664,30781.36810379325
963,86364.02826999822,844443.1027221791,996943.962002614
964,120904.51121193416,384435.2467705687,87445.62904232979
965,94548.17596888715,371057.8021735434,97012.12958631103
966,38239.276466639814,654303.1794575327,979659.3853806895
967,81910.90594590861,746091.9533711114,735137.2185883431
968,512.7784591107194,28401.357278618598,103274.95208369229
969,246.00398356793983,22821.86851093946,29578.87286572987
970,82879.08301762649,1253153.8860548537,3257979.568011242
971,81721.79858898371,599533.4795719754,401438.01221421367
972,66571.60927485203,860297.1076441822,1312528.196911784
973,83401.58602132682,444738.7337647896,174984.97885545396
974,91467.87626846324,814338.9693272989,857837.5067884296
975,125846.11013301408,311330.668731705,48014.708736162676
976,73540.04277968036,1039971.8177953508,2086245.478346167
977,104252.03453188344,421170.9556558315,126045.490276844
978,115013.60645951195,315199.9382737548,53393.61991149859
979,3704.316716033909,200822.64456709195,392285.029791086
980,142533.94995959426,294438.5459604706,37373.02199444845
981,95338.98137503825,696503.108799297,535617.7143772357
982,50981.08430964551,375368.07106149325,166107.90589294356
983,1885.7743751227736,123881.29619474745,270651.20780480944
984,72139.96376809677,230792.19905142966,34144.775022223395
985,28755.68811504393,999790.522853221,5894336.729838071
986,113082.95393420411,400990.5299484831,103394.28522193924
987,7.205753721277756,51.76637973665237,2782.916119105628
988,385.72810565782464,33087.149732211816,27245.038538979275
989,42.00524502223346,345.510844596927,18456.5332846614
990,1079.0879883257564,43247.088958219116,289323.00508200517
991,52179.58536247572,223935.47600919564,41383.258958821054
992,126030.01912094811,338070.1868429526,59841.16633411745
993,72.49429026358364,405.2237589561792,80835.18518590377
994,88050.92882672802,794744.4168443445,826675.700807441
995,15.241705337125953,87.75682878767557,23334.050267050938
996,2297.414052585901,100944.76748529526,656387.0396670988
997,59.90346489081389,334.59843792323437,75064.84234050548
998,89186.7569562832,803773.2861961414,844353.1319930351
999,83934.78914703267,1004307.267633038,1677493.5403029434
